{"network":{"id":1,"name":"btcpayserver-clovr","status":3,"path":"/Users/joseap/.polar/networks/1","nodes":{"bitcoin":[{"id":0,"networkId":1,"name":"backend1","type":"bitcoin","implementation":"bitcoind","version":"23.0","peers":[],"status":3,"ports":{"rpc":18443,"p2p":19444,"zmqBlock":28334,"zmqTx":29335},"docker":{"image":"","command":"bitcoind -server=1 -regtest=1      -rpcauth=polaruser:5e5e98c21f5c814568f8b55d83b23c1c$$066b03f92df30b11de8e4b1b1cd5b1b4281aa25205bd57df9be82caf97a05526      -debug=1 -zmqpubrawblock=tcp://0.0.0.0:28334      -zmqpubrawtx=tcp://0.0.0.0:28335 -txindex=1 -dnsseed=0 -upnp=0      -rpcbind=0.0.0.0 -rpcallowip=0.0.0.0/0 -rpcport=18443 -rest -listen=1      -listenonion=0 -fallbackfee=0.0002 -whitelist=0.0.0.0/0"}}],"lightning":[{"id":0,"networkId":1,"name":"alice","type":"lightning","implementation":"LND","version":"0.15.4-beta","status":3,"backendName":"backend1","paths":{"tlsCert":"/Users/joseap/.polar/networks/1/volumes/lnd/alice/tls.cert","adminMacaroon":"/Users/joseap/.polar/networks/1/volumes/lnd/alice/data/chain/bitcoin/regtest/admin.macaroon","invoiceMacaroon":"/Users/joseap/.polar/networks/1/volumes/lnd/alice/data/chain/bitcoin/regtest/invoice.macaroon","readonlyMacaroon":"/Users/joseap/.polar/networks/1/volumes/lnd/alice/data/chain/bitcoin/regtest/readonly.macaroon"},"ports":{"rest":8081,"grpc":10001,"p2p":9735},"docker":{"image":"","command":""}},{"id":2,"networkId":1,"name":"carol","type":"lightning","implementation":"LND","version":"0.15.4-beta","status":3,"backendName":"backend1","paths":{"tlsCert":"/Users/joseap/.polar/networks/1/volumes/lnd/carol/tls.cert","adminMacaroon":"/Users/joseap/.polar/networks/1/volumes/lnd/carol/data/chain/bitcoin/regtest/admin.macaroon","invoiceMacaroon":"/Users/joseap/.polar/networks/1/volumes/lnd/carol/data/chain/bitcoin/regtest/invoice.macaroon","readonlyMacaroon":"/Users/joseap/.polar/networks/1/volumes/lnd/carol/data/chain/bitcoin/regtest/readonly.macaroon"},"ports":{"rest":8083,"grpc":10003,"p2p":9737},"docker":{"image":"","command":""}}]}},"chart":{"offset":{"x":0,"y":0},"nodes":{"backend1":{"id":"backend1","type":"bitcoin","position":{"x":480,"y":460},"ports":{"backend":{"id":"backend","type":"top","position":{"x":100,"y":0}},"peer-left":{"id":"peer-left","type":"left","position":{"x":0,"y":22}},"peer-right":{"id":"peer-right","type":"right","position":{"x":200,"y":22}}},"size":{"width":200,"height":43},"properties":{"status":3,"icon":"./static/media/bitcoin.c9f33461.svg"}},"alice":{"id":"alice","type":"lightning","position":{"x":140,"y":200},"ports":{"empty-left":{"id":"empty-left","type":"left","position":{"x":0,"y":67}},"empty-right":{"id":"empty-right","type":"right","position":{"x":200,"y":19}},"backend":{"id":"backend","type":"bottom","position":{"x":100,"y":133}},"cb4b93152aad":{"id":"cb4b93152aad","type":"right","properties":{"nodeId":"alice","initiator":true},"position":{"x":200,"y":43}},"6bf5b5ac45f3":{"id":"6bf5b5ac45f3","type":"right","properties":{"nodeId":"alice"},"position":{"x":200,"y":67}},"665ec4421a7d":{"id":"665ec4421a7d","type":"right","properties":{"nodeId":"alice","initiator":true},"position":{"x":200,"y":91}},"2a86b9e726bc":{"id":"2a86b9e726bc","type":"right","properties":{"nodeId":"alice"},"position":{"x":200,"y":115}}},"size":{"width":200,"height":133},"properties":{"status":3,"icon":"./static/media/lnd.095d2fef.png"}},"carol":{"id":"carol","type":"lightning","position":{"x":840,"y":200},"ports":{"empty-left":{"id":"empty-left","type":"left","position":{"x":0,"y":19}},"empty-right":{"id":"empty-right","type":"right","position":{"x":200,"y":67}},"backend":{"id":"backend","type":"bottom","position":{"x":100,"y":133}},"10109a020fc3":{"id":"10109a020fc3","type":"left","properties":{"nodeId":"carol"},"position":{"x":0,"y":43}},"c7c2ebb92cc9":{"id":"c7c2ebb92cc9","type":"left","properties":{"nodeId":"carol","initiator":true},"position":{"x":0,"y":67}},"665ec4421a7d":{"id":"665ec4421a7d","type":"left","properties":{"nodeId":"carol"},"position":{"x":0,"y":91}},"2a86b9e726bc":{"id":"2a86b9e726bc","type":"left","properties":{"nodeId":"carol","initiator":true},"position":{"x":0,"y":115}}},"size":{"width":200,"height":133},"properties":{"status":3,"icon":"./static/media/lnd.095d2fef.png"}}},"links":{"alice-backend1":{"id":"alice-backend1","from":{"nodeId":"alice","portId":"backend"},"to":{"nodeId":"backend1","portId":"backend"},"properties":{"type":"backend"}},"carol-backend1":{"id":"carol-backend1","from":{"nodeId":"carol","portId":"backend"},"to":{"nodeId":"backend1","portId":"backend"},"properties":{"type":"backend"}},"665ec4421a7d":{"id":"665ec4421a7d","from":{"nodeId":"alice","portId":"665ec4421a7d"},"to":{"nodeId":"carol","portId":"665ec4421a7d"},"properties":{"type":"open-channel","channelPoint":"e80e183522bd4959077713e7a8807280f313f76fee9b8acda29b665ec4421a7d:0","capacity":"250000","fromBalance":"240906","toBalance":"44","direction":"ltr","status":"Open","isPrivate":false}},"2a86b9e726bc":{"id":"2a86b9e726bc","from":{"nodeId":"carol","portId":"2a86b9e726bc"},"to":{"nodeId":"alice","portId":"2a86b9e726bc"},"properties":{"type":"open-channel","channelPoint":"9d95a5df21a9445a4230c5120054bd1bf7f9578fc24aa8c06e6b2a86b9e726bc:0","capacity":"250000","fromBalance":"240950","toBalance":"0","direction":"rtl","status":"Open","isPrivate":false}}},"selected":{},"hovered":{"type":"node","id":"carol"},"scale":1}}